DROP TABLE CUSTOMERS CASCADE CONSTRAINTS;
DESC CUSTOMERS;
SELECT * FROM CUSTOMERS;

CREATE TABLE CUSTOMERS (
CUSTOMERID NUMBER(4) CONSTRAINT CUSTOMERS_CUSTOMERID_PK PRIMARY KEY,
CNAME VARCHAR2(20) CONSTRAINT CUSTOMERS_CNAME_NN NOT NULL,
EMAIL VARCHAR2(30) CONSTRAINT CUSTOMERS_EMAIL_NN NOT NULL,
ADDRESS VARCHAR2(30)CONSTRAINT CUSTOMERS_ADDRESS_NN NOT NULL,
PHONE NUMBER(10)CONSTRAINT CUSTOMERS_PHONE_NN NOT NULL,
CITY VARCHAR2(30)CONSTRAINT CUSTOMERS_CITY_NN NOT NULL,
COUNTRY CHAR(2)CONSTRAINT CUSTOMERS_COUNTRY_NN NOT NULL);

INSERT INTO CUSTOMERS VALUES (2031,'JOSE CABRERA','CABRERAJOSE@GMAIL.COM',
'5 RIVERVIEW ST',6472956253,'TORONTO','CA');
INSERT INTO CUSTOMERS VALUES (2032,'KAROLG','KAROLG@GMAIL.COM',
'12 LINCON RD',1563249852,'OTTAWA','CA');
INSERT INTO CUSTOMERS VALUES (2034,'TANYA','COLTAN@HOTMAIL.COM',
'56 MAIN ST',6472956253,'VICTORIA','CA');
INSERT INTO CUSTOMERS VALUES (2039,'JAILIN BROOK','JB5135@YAHOO.ES',
'25 CONCORD RD',3259761254,'MONTREAL','CA');
INSERT INTO CUSTOMERS VALUES (2038,'JUANES','JCOL280@GMAIL.COM',
'3th nation ave',3296532852,'MONTREAL','CA');


DROP TABLE CUSTOMERSORDERS CASCADE CONSTRAINTS;
DESC CUSTOMERSORDERS;
SELECT * FROM CUSTOMERSORDERS;

CREATE TABLE CUSTOMERSORDERS (
C_ORDER# NUMBER(6) CONSTRAINT PRIMARYKEY_ORDER_PK PRIMARY KEY,
CUSTOMERID NUMBER(4),
ORDER_DATE DATE CONSTRAINT ORDERDATE_ORDER_NN NOT NULL,
SHIP_DATE DATE,
FOREIGN KEY (CUSTOMERID) REFERENCES CUSTOMERS (CUSTOMERID) 
);

INSERT INTO CUSTOMERSORDERS VALUES (100001,2031,'12/04/2023',null);
INSERT INTO CUSTOMERSORDERS VALUES (100002,2032,'12/04/2023',null);
INSERT INTO CUSTOMERSORDERS VALUES (100003,2034,'12/04/2023',null);
INSERT INTO CUSTOMERSORDERS VALUES (100004,2034,'12/04/2023',null);
INSERT INTO CUSTOMERSORDERS VALUES (100005,2032,'12/04/2023','12/04/2023');


DROP TABLE C_ORDERDETAILS CASCADE CONSTRAINTS;
DESC C_ORDERDETAILS ;
SELECT * FROM C_ORDERDETAILS ;

CREATE TABLE C_ORDERDETAILS (
OID_PID VARCHAR2(17) CONSTRAINT CORDERDETAILS_OID_PID_PK PRIMARY KEY,
C_ORDER# NUMBER(6),
PRODUCTID NUMBER (10),
QUANTITY NUMBER(4)CONSTRAINT CORDERDETAILS_QUANTITY_NN NOT NULL,
FOREIGN KEY (C_ORDER#) REFERENCES CUSTOMERSORDERS(C_ORDER#),
FOREIGN KEY (PRODUCTID) REFERENCES PRODUCTS(PRODUCTID)
);

INSERT INTO C_ORDERDETAILS VALUES ('100001-1000000001',100001,1000000001,20);
INSERT INTO C_ORDERDETAILS VALUES ('100001-1000000002',100001,1000000002,10);
INSERT INTO C_ORDERDETAILS VALUES ('100001-1000000003',100001,1000000003,200);
INSERT INTO C_ORDERDETAILS VALUES ('100002-1000000003',100002,1000000003,50);
INSERT INTO C_ORDERDETAILS VALUES ('100003-1000000002',100003,1000000002,15);







--THIS TABLE IS FOR TEST PURPOSES ONLY
CREATE TABLE PRODUCTS(
PRODUCTID NUMBER(10) CONSTRAINT PRODUCTS_PRODUCTID_PK PRIMARY KEY,
DESCRIP VARCHAR2(100) CONSTRAINT PRODUCTS_DESCRIP_NN NOT NULL,
NAME VARCHAR2(20) CONSTRAINT PRODUCTS_NAME_NN NOT NULL,
PHOTOURI VARCHAR2(100)
);

INSERT INTO PRODUCTS VALUES (1000000001,'CUALQUIER MONDA','VIDEOGAME',NULL);

INSERT INTO PRODUCTS VALUES (1000000002,'SON LAS 2 AM','NO IDEA',NULL);

INSERT INTO PRODUCTS VALUES (1000000003,'GUARITO','ALCOHOL',NULL);
